no;x1;x2;x3;x4;x5;x6;x7;ftime;fstatus
1;0.314662611;0.088331634;0.70842005;0.845841061;0.359430209;2;3;0.843457261;1
2;0.812011744;0.893417772;0.844355071;0.137021885;0.785000595;3;2;0.576610271;1
3;0.991219217;0.300620508;0.919942414;0.861947756;0.908038844;3;1;1.329054868;0
4;0.200759593;0.752086671;0.294634674;0.067120619;0.633424718;1;2;0.031577359;0
5;0.64603722;0.401606648;0.650652664;0.435208435;0.615116288;3;4;0.056210976;1
6;0.437550729;0.448558106;0.14176619;0.68013496;0.067539904;2;1;0.316501216;2
7;0.938028262;0.15967398;0.853531682;0.20582692;0.241493882;2;4;0.314227292;0
8;0.988003305;0.144515851;0.666006616;0.942539047;0.410778203;1;5;0.145266804;1
9;0.456319561;0.149180392;0.733326679;0.379323792;0.811175012;3;3;2.726236464;0
10;0.230614943;0.51443426;0.314740349;0.626240141;0.379141226;3;2;0.029153447;1
11;0.695489269;0.492827306;0.66771794;0.183502402;0.446950231;1;5;1.004830058;2
12;0.556632345;0.616342769;0.463886712;0.659207618;0.570507783;3;5;0.480214728;1
13;0.584710089;0.447422891;0.650282931;0.734692911;0.131212369;2;3;0.281013628;1
14;0.433631247;0.055676715;0.785775208;0.495679433;0.013018369;2;2;0.377117831;2
15;0.426175053;0.00539631;0.901704201;0.868718744;0.677669727;2;1;0.188284041;0
16;0.596854395;0.221834201;0.527407548;0.831837944;0.835155611;1;3;0.84978613;1
17;0.452085585;0.850963224;0.158109048;0.983298825;0.936263481;3;2;1.56320354;2
18;0.956608659;0.267346206;0.269618753;0.666850225;0.058450614;1;1;0.478760416;2
19;0.84443035;0.598600273;0.134540214;0.642860142;0.668025794;1;1;0.590934835;0
20;0.222768603;0.608599697;0.237557555;0.045145285;0.385856541;1;4;4.041011711;2
21;0.420170177;0.99215844;0.723056622;0.190846442;0.576129044;1;3;0.843149731;0
22;0.419982936;0.191189961;0.627125432;0.032587244;0.138814178;1;2;0.965871211;0
23;0.020790849;0.753390585;0.452364493;0.847194478;0.255833853;2;3;1.485275794;2
24;0.38044797;0.242387337;0.634306974;0.424457256;0.313060884;3;4;1.348044486;0
25;0.422348428;0.32745222;0.52949688;0.817203439;0.715117807;1;2;1.168528984;0
26;0.191426063;0.003535495;0.330106386;0.151659993;0.188679529;2;4;1.605852343;2
27;0.705329282;0.997424144;0.770737361;0.405844106;0.14218129;2;1;1.496742869;0
28;0.013520475;0.438059504;0.634989169;0.722508932;0.574111616;1;5;1.570652547;0
29;0.731203106;0.997688745;0.774363684;0.059633828;0.049150273;1;3;0.031767744;0
30;0.432724098;0.196719169;0.178849164;0.330349223;0.435007652;3;3;0.597849691;1
31;0.731240093;0.111476796;0.396402274;0.776764002;0.482710161;1;4;2.167839745;1
32;0.013941552;0.250736451;0.962715866;0.840459345;0.464816901;1;1;0.506615729;1
33;0.045313308;0.680476603;0.377313619;0.87058153;0.486201937;3;5;0.259557817;1
34;0.418414376;0.577254297;0.07755495;0.953041902;0.737584885;1;3;2.596892116;2
35;0.643840002;0.416347296;0.529335109;0.383955752;0.990986312;1;1;1.229025732;2
36;0.219793786;0.729181244;0.949723994;0.950631967;0.840408359;3;3;0.790681759;1
37;0.833442653;0.574189733;0.856113054;0.704104626;0.111926322;2;1;0.629280078;0
38;0.694767314;0.577635149;0.549436144;0.421981394;0.861421876;2;1;1.254641003;2
39;0.899124485;0.589999127;0.664953542;0.391316094;0.567851288;2;3;0.588684642;0
40;0.414240285;0.22292834;0.500448137;0.210566746;0.68327892;3;3;1.129290034;2
41;0.411004703;0.103492299;0.924072161;0.752480181;0.789605479;3;3;0.420364803;2
42;0.250014989;0.736506027;0.091927954;0.44507785;0.402525533;1;4;7.211007576;2
43;0.373767039;0.612403756;0.496953357;0.453314842;0.853277189;3;4;0.845721965;0
44;0.231892733;0.951212361;0.782224094;0.083250859;0.189605532;2;4;0.225542007;1
45;0.931603165;0.959875866;0.869846874;0.365169029;0.495721633;3;1;1.100338818;2
46;0.476344755;0.74483605;0.901552329;0.894952906;0.120044349;1;1;2.248305692;2
47;0.047665003;0.434830146;0.811382488;0.544437846;0.228663306;1;3;1.363734299;0
48;0.773531056;0.174775137;0.153729627;0.030827066;0.905497896;2;1;0.576391668;0
49;0.331117329;0.435288069;0.729758728;0.388433083;0.473774873;2;2;2.72527585;0
50;0.552876471;0.762458188;0.759502933;0.113395246;0.540476779;2;3;1.312163043;2
51;0.676330529;0.919029311;0.660819487;0.277254459;0.973795319;2;1;0.09059135;2
52;0.277334371;0.906697583;0.908035086;0.719519831;0.972429021;2;5;0.30620385;0
53;0.052855678;0.815512829;0.389783866;0.376025185;0.68535947;2;3;1.06721307;0
54;0.425758584;0.199752943;0.956978345;0.634459954;0.779959153;1;5;0.313516256;1
55;0.610118482;0.049625585;0.456586369;0.496747792;0.020453217;3;2;0.974640151;2
56;0.976046035;0.478948526;0.195008595;0.807486458;0.728465741;1;1;1.887823315;2
57;0.96980012;0.590393369;0.590719233;0.582188408;0.922698446;3;1;0.564588603;1
58;0.088484557;0.096620236;0.155398693;0.172012803;0.440457798;3;2;2.576961329;0
59;0.498380037;0.950890235;0.519496079;0.93729104;0.705574781;3;3;1.047695748;2
60;0.395689368;0.162743139;0.412839691;0.053810875;0.816724791;2;4;1.024441342;0
61;0.390331929;0.921506263;0.82721695;0.087232187;0.486609313;2;5;1.027869616;0
62;0.318499491;0.127775073;0.56309588;0.841558006;0.842999418;1;3;0.284668461;2
63;0.682575054;0.662739591;0.456475482;0.420889261;0.492873826;2;3;1.563051889;1
64;0.284614908;0.784041927;0.192348625;0.717486053;0.017669218;1;2;0.042088293;2
65;0.390094714;0.764613162;0.471946835;0.736150731;0.440465258;3;1;0.09863089;2
66;0.99016856;0.672570311;0.232500244;0.987470545;0.477924663;3;1;0.098569312;2
67;0.792005731;0.115665902;0.314079711;0.96096712;0.601240574;1;5;0.280385161;1
68;0.312405152;0.851301488;0.866852045;0.141793734;0.443246723;2;4;0.295786959;0
69;0.81711773;0.617961595;0.444987307;0.664951316;0.307177443;2;2;0.972429649;2
70;0.220909772;0.836411556;0.433928419;0.033154242;0.672989216;2;5;0.924027224;2
71;0.50107382;0.169928225;0.472588081;0.494513351;0.609114264;3;1;1.642404527;1
72;0.166972296;0.01028122;0.833401712;0.791352423;0.973678541;1;5;1.619912768;1
73;0.119659194;0.323469731;0.010341108;0.379209754;0.175834712;3;5;2.53614554;1
74;0.897609968;0.269682724;0.309129474;0.948299361;0.973226475;1;3;1.521549623;2
75;0.093714879;0.825261356;0.086152971;0.66067578;0.579317139;2;2;0.380014203;2
76;0.865058557;0.933661737;0.823007093;0.432765095;0.73812526;3;5;0.238512967;1
77;0.276591464;0.127791484;0.471107214;0.838682598;0.865817889;3;3;0.466487424;0
78;0.027283693;0.913337606;0.532335926;0.804698723;0.647486104;1;4;0.042271452;0
79;0.787384963;0.605233948;0.395395429;0.427062305;0.694696118;1;2;0.319676899;0
80;0.3586603;0.400285166;0.454437169;0.32939051;0.995905438;2;5;0.64361092;1
81;0.025102966;0.665795303;0.114900947;0.565040513;0.8493734;2;4;0.572563103;0
82;0.746093598;0.767599277;0.031090843;0.861229172;0.765822238;1;2;0.216055503;1
83;0.029625577;0.5218957;0.023210879;0.585871025;0.137665323;3;2;4.498673398;1
84;0.433864831;0.394507517;0.077519345;0.645120128;0.095188934;2;4;1.857090553;2
85;0.256626833;0.965786834;0.361531095;0.76708407;0.521848227;3;1;0.685458638;2
86;0.498015221;0.048985541;0.761408725;0.692857024;0.192460972;1;2;1.439452626;2
87;0.653355231;0.153308272;0.743281642;0.866797683;0.731465178;2;4;1.731153984;2
88;0.083656886;0.696839066;0.097692203;0.094697552;0.494586979;3;4;1.2447833;1
89;0.180472462;0.727785873;0.961905417;0.609939294;0.142759153;2;5;1.46330056;1
90;0.104462502;0.108379415;0.143204428;0.24087479;0.841216969;3;2;1.537393979;1
91;0.812392984;0.464568546;0.484661741;0.469641659;0.941303959;2;3;0.004599127;2
92;0.627502442;0.642125536;0.56491099;0.283922087;0.277967477;2;2;1.108765468;2
93;0.630572486;0.397110938;0.93230559;0.918441279;0.150379288;1;3;0.299970318;2
94;0.39088985;0.990430257;0.820024771;0.399744049;0.706673443;3;4;1.192003007;0
95;0.432253574;0.67870881;0.53308304;0.56534466;0.565338594;2;2;1.114928704;2
96;0.348634002;0.315318458;0.38446898;0.080877012;0.090502441;1;4;0.067375891;0
97;0.793557759;0.15376926;0.545988312;0.942700185;0.560340407;1;2;0.480668721;2
98;0.886936112;0.301251736;0.796727935;0.735778605;0.615260063;2;2;1.570454339;1
99;0.651127087;0.094515531;0.627343362;0.475312216;0.548419936;2;4;0.259946107;0
100;0.592863264;0.026875507;0.103957001;0.181843249;0.393490949;1;2;1.856922287;0
101;0.327822094;0.310483304;0.19199251;0.730366881;0.416668151;2;1;0.463219621;0
102;0.075689368;0.742438869;0.842110434;0.614627044;0.904910922;1;3;0.236035747;2
103;0.591387242;0.960092212;0.479376612;0.06104159;0.673621984;3;2;1.182099421;0
104;0.178336764;0.415802663;0.777260588;0.053295383;0.954790232;1;2;0.059671372;1
105;0.741350124;0.522235407;0.818179135;0.455256315;0.151231847;1;3;0.403238441;0
106;0.293876208;0.067519729;0.29693394;0.180962137;0.559741638;2;3;0.94293984;2
107;0.639185811;0.629841805;0.226709939;0.491305924;0.098635751;1;2;0.416580644;2
108;0.124822397;0.353413787;0.620357893;0.981871448;0.623449967;2;2;0.753218405;2
109;0.255265784;0.424714652;0.373875573;0.224122107;0.25637276;3;1;0.188686388;1
110;0.820574687;0.963768791;0.885972418;0.712528655;0.479266565;3;4;0.876853871;2
111;0.803780393;0.680998487;0.125531608;0.150126059;0.477143506;2;5;0.190037821;1
112;0.045834631;0.718463884;0.157996591;0.525725839;0.830491416;2;1;0.979078206;0
113;0.875531722;0.170629765;0.638462526;0.828475823;0.895577513;1;1;0.323375827;2
114;0.12800909;0.203609089;0.186130562;0.126860544;0.576875721;2;1;1.320477554;1
115;0.608831404;0.876549712;0.66450868;0.819683282;0.943795091;1;4;0.318460648;1
116;0.469566873;0.837522526;0.512025855;0.246003416;0.291835305;1;2;1.605067296;0
117;0.557291086;0.720627042;0.74161984;0.097017966;0.625319276;3;2;0.145734116;1
118;0.730392785;0.281063371;0.33651303;0.163701453;0.620183863;3;4;1.803129319;0
119;0.469858689;0.209990897;0.11126845;0.664355204;0.648617852;3;4;0.030059454;1
120;0.988610059;0.49415032;0.402289624;0.677428117;0.234910608;3;5;1.303440549;2
121;0.984668385;0.521752808;0.54269874;0.132951876;0.403752933;1;4;0.199792245;2
122;0.393284681;0.219831812;0.740261287;0.979523985;0.170949821;1;3;1.751456242;1
123;0.608847138;0.763106702;0.172570081;0.146612476;0.519163029;1;1;1.763668332;1
124;0.34548373;0.024519653;0.586485427;0.941816754;0.58436138;3;2;0.843043578;0
125;0.437112562;0.711485945;0.499846542;0.700351745;0.08007818;3;5;0.348752776;1
126;0.229131963;0.840887599;0.936358567;0.567962904;0.728902525;3;4;3.2978248;2
127;0.006072248;0.930821072;0.91030311;0.246348989;0.614066529;2;3;0.401706175;1
128;0.023876888;0.662091647;0.152906609;0.340871532;0.67089576;3;1;1.100701734;2
129;0.058758428;0.269942219;0.307297505;0.839761945;0.296133559;2;5;1.328923172;0
130;0.764575645;0.21823346;0.698294168;0.921521466;0.360568502;3;4;0.641902648;1
131;0.469044005;0.867818171;0.763215241;0.515364887;0.631066289;2;3;0.195833715;2
132;0.85083188;0.024571552;0.509869655;0.888112198;0.960105937;2;3;0.456788857;0
133;0.581719391;0.850026724;0.226727172;0.704072203;0.36467837;2;1;0.372750164;1
134;0.186888262;0.523933077;0.165861424;0.42376279;0.197989919;1;5;3.463594891;2
135;0.609060979;0.435462702;0.316137151;0.300269103;0.254108764;2;5;1.274027719;1
136;0.893341733;0.931294746;0.044941086;0.963384441;0.485302679;2;2;1.081485151;0
137;0.794321166;0.164550396;0.669568413;0.124820596;0.413281649;3;5;0.296959161;2
138;0.504092834;0.378788392;0.746277173;0.680340533;0.32824533;1;3;0.084160734;2
139;0.423028274;0.138044937;0.248533363;0.819839144;0.35684497;1;2;2.953400917;2
140;0.654381288;0.149721077;0.466953222;0.216274822;0.683859254;3;2;1.968252255;0
141;0.887738514;0.676447247;0.044287327;0.594087179;0.863149265;3;4;0.663855126;2
142;0.892016471;0.562116156;0.0982659;0.161695931;0.468968736;1;4;1.609392144;1
143;0.178390538;0.471648443;0.897094524;0.40552652;0.582857098;3;3;0.606837084;1
144;0.257502425;0.811100169;0.615148483;0.238885099;0.498559968;1;2;0.093652313;1
145;0.113438505;0.962388532;0.64071;0.527598846;0.667307857;2;4;0.324635284;2
146;0.797158959;0.515409884;0.461002121;0.670954801;0.687873262;2;1;1.759882312;0
147;0.109538489;0.70372277;0.279731453;0.90756497;0.107329925;1;5;0.26611072;0
148;0.829071695;0.18087951;0.944950246;0.332797182;0.112209269;2;2;0.940626168;1
149;0.771046297;0.354966947;0.023071724;0.242536499;0.932780176;1;2;0.449108693;1
150;0.943689405;0.049902789;0.177312726;0.309988736;0.421875875;2;4;1.288906479;2
151;0.466957594;0.152553703;0.971428127;0.226805535;0.563311485;2;1;0.178289063;1
152;0.939855648;0.099271719;0.799737756;0.123003135;0.956242188;2;3;1.571726088;1
153;0.785182942;0.280148076;0.999651014;0.267755626;0.195921073;2;5;0.062140798;0
154;0.874607875;0.387450202;0.260743453;0.923653637;0.223746445;2;4;0.570583343;2
155;0.394462653;0.634158786;0.582182658;0.05648416;0.621356976;1;5;1.730780845;0
156;0.099699161;0.707063609;0.072294166;0.501455147;0.834566638;2;2;1.310743905;2
157;0.27696142;0.326018319;0.8022837;0.793785936;0.807968375;2;4;1.294872966;2
158;0.722222051;0.965183315;0.880565365;0.837927345;0.151073453;2;1;0.467310709;2
159;0.356305179;0.696454447;0.889629539;0.576273668;0.083228665;1;3;0.032889789;2
160;0.382711883;0.161078194;0.011327007;0.24185009;0.778930622;2;2;0.153038043;1
161;0.031968651;0.369062242;0.241400566;0.582062225;0.954496253;3;3;1.038472004;1
162;0.521445287;0.302217759;0.607268898;0.137515567;0.618401431;2;1;1.082445706;0
163;0.12107791;0.457965767;0.362720565;0.482712324;0.437216303;1;2;3.747291138;0
164;0.885184176;0.823282746;0.709208659;0.093685613;0.664421479;2;3;0.005626091;2
165;0.074646299;0.232539351;0.042072961;0.304969528;0.868892412;3;2;0.004367371;1
166;0.784227947;0.402322225;0.657171031;0.676705355;0.502621453;1;3;1.699984161;0
167;0.854132303;0.971612803;0.230689442;0.205134988;0.528803027;2;1;0.540668149;1
168;0.037178171;0.124420746;0.272977373;0.394918506;0.770743538;1;2;0.470368612;1
169;0.275143509;0.630290077;0.733163778;0.802853106;0.369784994;2;4;0.051559416;1
170;0.642069949;0.703867006;0.178256201;0.228320695;0.940502698;2;2;0.517186339;0
171;0.78507836;0.591200284;0.385634269;0.076907518;0.033258773;1;2;1.483143009;2
172;0.400062712;0.996516271;0.684354561;0.778224908;0.338277496;1;1;1.279485559;2
173;0.93530233;0.045336101;0.415191048;0.670139697;0.135628548;2;5;1.426468174;1
174;0.390516971;0.990072538;0.542161839;0.511109674;0.337124769;3;1;2.118294341;1
175;0.423959307;0.745306309;0.45518988;0.21400206;0.483512302;2;3;1.424160374;1
176;0.286421701;0.436749598;0.127064438;0.187693299;0.757156757;1;4;0.884114311;0
177;0.611748409;0.153006549;0.031184246;0.611147176;0.796122994;2;1;2.690986859;2
178;0.558812739;0.448865175;0.165653204;0.03874149;0.416458621;1;2;2.229907097;0
179;0.039967135;0.186324713;0.798880712;0.229440553;0.029939823;2;1;0.52280446;1
180;0.745281947;0.426548583;0.142388037;0.82393789;0.938352005;1;5;0.068650565;2
181;0.206487421;0.820779867;0.074440842;0.30036825;0.915502637;1;2;0.569150533;0
182;0.656495965;0.050378914;0.028574008;0.016091809;0.612113551;3;5;4.365910936;0
183;0.522414671;0.325382152;0.417391903;0.961583592;0.919092081;2;4;0.558131766;1
184;0.633436585;0.84241193;0.854028038;0.087746694;0.626259023;1;3;0.458781304;2
185;0.617563134;0.040199793;0.33048894;0.748023397;0.126453656;3;4;0.260263706;0
186;0.284895547;0.791872961;0.444436516;0.836008213;0.142641638;1;4;0.698841745;1
187;0.223807222;0.961628438;0.413483236;0.015980535;0.68164386;1;4;0.963188389;0
188;0.539019355;0.660920487;0.351750784;0.852861498;0.923024817;3;5;0.731479555;0
189;0.996371977;0.008717419;0.927850279;0.550297265;0.150652429;2;5;1.112279571;2
190;0.328916537;0.465789224;0.930054556;0.339687408;0.884846845;3;2;0.605624546;2
191;0.323336088;0.716613849;0.28026316;0.325701872;0.450182621;3;3;0.671417674;2
192;0.035323518;0.02818211;0.72930995;0.639220112;0.046669993;2;1;1.63165883;2
193;0.525611853;0.845482559;0.2167849;0.127847297;0.823468045;2;4;0.101926132;2
194;0.596806915;0.746415409;0.940247777;0.311121101;0.966285669;3;1;0.407984123;1
195;0.742086659;0.264030764;0.064298973;0.583082607;0.807395789;3;2;2.740348553;2
196;0.95283713;0.745913676;0.988668914;0.759196239;0.296252726;1;2;2.851877458;1
197;0.489621238;0.671582471;0.21020848;0.551703142;0.197892071;1;1;0.024173372;2
198;0.083287345;0.172052733;0.318532433;0.687787305;0.201672926;3;2;0.475594806;1
199;0.259927999;0.669716468;0.121769886;0.371264338;0.349512686;2;4;0.668108618;2
200;0.874846626;0.930354032;0.584214246;0.906746857;0.224084863;2;2;0.950230302;1
201;0.852059136;0.850974758;0.658343412;0.975735324;0.16449171;2;1;1.137775003;1
202;0.842904665;0.781073235;0.996165028;0.766094181;0.092729951;3;3;0.082765087;2
203;0.946903675;0.685842331;0.194067567;0.012266114;0.632899893;2;3;1.642907705;1
204;0.652681635;0.591369112;0.816496719;0.522603976;0.784788343;1;4;0.158900415;0
205;0.488155565;0.403273217;0.61945206;0.799046251;0.059489298;3;1;1.478615938;2
206;0.187756701;0.128348113;0.985607109;0.20745557;0.084299655;2;3;0.113031739;0
207;0.713033061;0.820164464;0.441791965;0.386281784;0.004277724;2;1;0.22412567;2
208;0.085069971;0.716720472;0.724185223;0.542382779;0.142220715;2;3;0.67051064;1
209;0.461199406;0.788324852;0.075848623;0.744253082;0.929193704;2;2;1.53683071;0
210;0.935907307;0.018316001;0.630342752;0.333332432;0.161884823;3;2;1.928821936;0
211;0.845293668;0.174490141;0.214586451;0.324915238;0.98850115;2;4;0.2135722;2
212;0.716186717;0.598648968;0.919127552;0.423743037;0.70422326;1;5;0.567892957;0
213;0.123806348;0.080638823;0.811952003;0.276301349;0.324542555;2;4;1.9333238;1
214;0.594827461;0.707315942;0.856115927;0.62609015;0.328085233;2;2;3.602747863;2
215;0.989852801;0.563668774;0.816757246;0.043597845;0.776702076;1;5;1.319578646;2
216;0.615408488;0.282807909;0.41710169;0.606534787;0.498603128;2;4;0.930764135;1
217;0.273077667;0.392056766;0.977549104;0.417049097;0.49700685;2;1;0.315456862;1
218;0.063706843;0.672728168;0.49936366;0.043619022;0.26637484;1;2;0.144782052;1
219;0.072303276;0.162179667;0.498571665;0.99340774;0.929801435;3;1;0.928294511;2
220;0.873511214;0.108501903;0.343472252;0.626561041;0.677545783;1;3;0.258342466;2
221;0.362824997;0.53344423;0.067349394;0.838840152;0.710259832;3;2;0.538387822;2
222;0.945622149;0.1031991;0.907365339;0.39708463;0.281794075;2;5;0.075354366;1
223;0.55831894;0.093418085;0.221119736;0.953088986;0.580691943;1;5;0.128437706;0
224;0.512661151;0.639925142;0.297663893;0.37839778;0.954256804;1;2;2.598840153;2
225;0.947771664;0.564042437;0.658542463;0.819895088;0.035998548;3;1;2.070190994;2
226;0.109801596;0.30553652;0.56661991;0.007226551;0.510235942;1;4;0.205381017;2
227;0.818907551;0.266009031;0.97129239;0.873742654;0.860585955;2;5;2.76612548;2
228;0.377342107;0.63250079;0.104932233;0.073943994;0.277492367;1;2;1.456342771;2
229;0.556641048;0.830757834;0.543798926;0.816704251;0.36284908;2;4;2.762922298;2
230;0.313871187;0.051355615;0.915372135;0.586043037;0.916517503;1;2;1.482834132;0
231;0.08234288;0.992335036;0.872937404;0.682746354;0.080235374;1;5;0.274104262;0
232;0.779937542;0.022087193;0.904538909;0.714157724;0.512724637;3;5;0.750333726;0
233;0.193234728;0.179838889;0.778780564;0.280105279;0.420037846;2;4;1.050397501;0
234;0.655585468;0.328692075;0.16717107;0.673513558;0.158049467;3;3;0.361575102;0
235;0.435147053;0.854895717;0.121384909;0.297039378;0.449557991;1;3;0.960944173;1
236;0.197148327;0.184360313;0.118294131;0.571045775;0.169620737;2;3;0.663137196;0
237;0.994660422;0.795356703;0.432067591;0.054706181;0.855247209;1;5;1.577637413;1
238;0.446742866;0.858852138;0.777386967;0.347608417;0.688133171;2;5;1.922480911;1
239;0.031426664;0.472019534;0.904098095;0.497679084;0.121525236;2;3;0.223003149;2
240;0.937016558;0.648202839;0.42646628;0.531688985;0.119116011;2;2;3.84520589;2
241;0.870983954;0.325041685;0.809511106;0.815768377;0.288543878;2;3;0.192527089;0
242;0.601246283;0.466137458;0.468375104;0.510326467;0.940235597;1;4;0.980896683;1
243;0.299015456;0.942407284;0.678603097;0.848945802;0.93164037;2;5;0.209957688;1
244;0.809346275;0.245464299;0.758725884;0.594192863;0.182928509;2;1;1.245965836;0
245;0.952142385;0.022457059;0.683359615;0.537895291;0.912873741;2;4;1.670095101;2
246;0.852053971;0.967071831;0.847579613;0.627040413;0.066457832;3;4;0.390688723;2
247;0.127309736;0.260048857;0.31156991;0.291973809;0.87762877;1;1;1.011336834;1
248;0.96888235;0.654107217;0.182766803;0.567239138;0.058810524;2;4;0.074983643;0
249;0.557101009;0.075381238;0.09352017;0.999499982;0.951695873;1;5;2.670574715;2
250;0.005364447;0.969246099;0.014794594;0.920453968;0.160069408;2;1;1.675620463;1
251;0.13576392;0.918539324;0.902413303;0.769343194;0.580835357;3;1;0.825118664;0
252;0.005847102;0.868152536;0.796052918;0.843732712;0.71141669;2;3;0.167744672;2
253;0.816874062;0.424378975;0.077771899;0.922279869;0.280322518;2;2;0.463415318;1
254;0.782163588;0.781031976;0.10174309;0.600790137;0.026631678;1;1;1.71046165;1
255;0.931066286;0.299905893;0.173892091;0.367801928;0.710622452;1;1;0.491146165;1
256;0.368689882;0.289452788;0.52867802;0.747003501;0.312746819;2;1;1.56296723;1
257;0.974454874;0.999273833;0.735314015;0.484860739;0.855137056;1;2;1.125375034;1
258;0.823743682;0.987037208;0.118218665;0.004810822;0.471819307;2;1;0.346664963;0
259;0.787448863;0.480046341;0.103439392;0.673142446;0.992102829;1;2;0.047645203;0
260;0.622825835;0.762275066;0.552263464;0.403647579;0.077863946;2;5;1.092354352;2
261;0.967354929;0.328611925;0.290518568;0.953182035;0.024708138;2;4;1.426629841;0
262;0.499918491;0.236238847;0.440440525;0.134371419;0.575168506;2;2;0.518138831;0
263;0.8936956;0.61786003;0.118444304;0.377719946;0.607663982;2;2;1.625588167;2
264;0.401043247;0.340449265;0.921618608;0.899857033;0.004365209;3;4;2.194017441;0
265;0.44754161;0.058391028;0.732589498;0.80334101;0.743699994;3;4;0.169873115;1
266;0.935779082;0.981945822;0.461530463;0.506427344;0.04677672;3;5;0.776259258;2
267;0.683332197;0.688040122;0.672314427;0.018093736;0.478229105;3;5;1.582352704;2
268;0.01816313;0.862182221;0.288494411;0.250273132;0.938555046;3;3;0.620796132;1
269;0.165526718;0.461695484;0.663445411;0.30598815;0.05963769;2;5;2.582107255;1
270;0.495834499;0.126027199;0.375068643;0.66172404;0.953640902;3;1;0.644060142;0
271;0.426535228;0.680295445;0.670923542;0.098176999;0.770805104;1;4;1.152277827;2
272;0.992053121;0.019948785;0.412724563;0.965290451;0.8515494;2;3;0.693469736;2
273;0.888950124;0.16295864;0.711320234;0.867223658;0.217964601;1;5;1.535436406;0
274;0.345755371;0.895815835;0.281075957;0.284862571;0.994472748;2;4;0.627867443;2
275;0.705844125;0.153157745;0.738704478;0.434687238;0.69352306;1;3;0.924202678;0
276;0.908724687;0.258641594;0.574921454;0.340949042;0.287133126;3;1;0.375485371;0
277;0.676292887;0.24402468;0.024495986;0.348129975;0.817942433;3;1;0.080252348;1
278;0.639100271;0.311864907;0.362694726;0.304173218;0.959424459;2;3;0.356447715;0
279;0.149604527;0.22124669;0.440849272;0.914515968;0.900421503;2;4;1.271509866;0
280;0.60112539;0.030546843;0.403401953;0.283578851;0.126839369;3;5;2.207265185;0
281;0.272751236;0.903036609;0.544772168;0.867847319;0.059632766;2;5;0.753409513;0
282;0.457853371;0.959397464;0.863196506;0.816691295;0.818412929;1;5;0.034337427;0
283;0.222253093;0.942848661;0.765674656;0.184587124;0.860316376;3;4;0.573854705;0
284;0.254921517;0.45330004;0.065421908;0.227226476;0.045199631;1;5;1.107571484;2
285;0.653687727;0.437665002;0.117517976;0.665625837;0.224530512;2;4;1.15891296;2
286;0.471993161;0.050166148;0.309788207;0.468079255;0.704817935;1;3;0.841547703;0
287;0.160963036;0.359821268;0.308678307;0.109640064;0.098695662;3;5;2.359008139;0
288;0.272080335;0.896644065;0.732336795;0.145648298;0.015891075;1;2;1.154964259;2
289;0.712956093;0.371063167;0.141491359;0.317174333;0.905630844;1;2;1.810404878;1
290;0.613353652;0.503285011;0.977573238;0.607202998;0.04903347;1;4;0.072107441;1
291;0.132121966;0.527599306;0.854799016;0.947015262;0.874156205;3;2;0.007897424;2
292;0.070007253;0.170270065;0.583923732;0.42258617;0.12057029;3;2;0.236585886;2
293;0.966265013;0.538598777;0.899564254;0.926488579;0.404164124;2;1;2.399940448;1
294;0.368270278;0.110493445;0.009344543;0.099641094;0.229922983;1;5;0.274251057;2
295;0.677454085;0.614105034;0.784557086;0.866288959;0.776235409;1;4;1.760241609;2
296;0.84595173;0.544976427;0.907801478;0.260488231;0.576325166;1;2;0.73657285;0
297;0.241650385;0.227628693;0.11077756;0.284032399;0.194804756;2;5;0.63016299;1
298;0.035150991;0.901508653;0.465821003;0.165858008;0.42475736;1;2;0.897717278;1
299;0.595240237;0.198526437;0.674348261;0.029956628;0.439975396;2;1;1.151831293;1
300;0.836191128;0.421812118;0.465452461;0.098118641;0.908846455;3;3;0.941598348;1
301;0.36224921;0.884361858;0.875020542;0.119857752;0.462664502;3;2;2.968427598;0
302;0.332188533;0.238200847;0.401085536;0.19415011;0.931597844;3;2;0.037609847;0
303;0.644736331;0.291630598;0.566685146;0.829592597;0.389454893;2;4;0.358026831;1
304;0.958615137;0.87639527;0.653705746;0.01531426;0.805263447;3;2;0.017693759;1
305;0.596203628;0.619072475;0.28565973;0.385690907;0.76855572;1;5;0.904697679;0
306;0.510280018;0.857298754;0.891944851;0.91435601;0.34090729;3;2;0.309862433;2
307;0.155264136;0.477284333;0.138713344;0.015285664;0.937893439;2;2;0.632956278;0
308;0.845851006;0.89423096;0.557194141;0.309651001;0.50383128;3;4;3.036563054;2
309;0.214380426;0.169069357;0.252928426;0.428502689;0.324277308;2;1;0.478063371;2
310;0.669873245;0.621070138;0.073606171;0.562131066;0.442645445;2;2;1.088025155;1
311;0.617756451;0.72276053;0.762648625;0.920765467;0.486973478;1;5;0.658501647;2
312;0.049999777;0.190216163;0.606368776;0.516922419;0.841602641;1;2;0.071082783;2
313;0.949398776;0.568715502;0.332993865;0.74003997;0.949159411;2;2;0.791328635;2
314;0.582552032;0.671531328;0.909663619;0.617846143;0.470369812;1;3;0.601896424;0
315;0.860954337;0.919210899;0.590027197;0.20574951;0.371061984;3;2;2.545756658;2
316;0.518467249;0.325559698;0.946425729;0.508689041;0.225908515;2;2;0.664215548;0
317;0.266127483;0.54675207;0.902330539;0.061062348;0.004606626;1;2;0.80056747;2
318;0.597377663;0.004991179;0.386968039;0.774502128;0.709437358;3;1;0.506220199;0
319;0.795576084;0.370116141;0.718480995;0.204246864;0.696368343;1;1;0.056468316;0
320;0.689286038;0.637621425;0.827347055;0.857073595;0.014694951;1;1;0.604476434;1
321;0.480631645;0.60960701;0.913822045;0.513771815;0.187682692;3;1;1.233841599;1
322;0.465929389;0.818292169;0.130618799;0.251621347;0.536854034;2;2;1.003536777;0
323;0.618412335;0.117891797;0.044417077;0.812749447;0.15900918;2;2;2.025803985;0
324;0.449270514;0.663357671;0.988233868;0.067002558;0.246009988;3;5;0.138765325;0
325;0.602707533;0.201607255;0.389479354;0.026193479;0.922314992;2;5;0.367169829;2
326;0.004608974;0.586859541;0.711053413;0.596256312;0.363104608;2;2;0.331470285;0
327;0.994994513;0.695069979;0.525940077;0.846893766;0.992817379;1;2;0.059784917;0
328;0.406462448;0.528288148;0.386901275;0.452399161;0.725724643;2;3;0.019685799;1
329;0.117951637;0.36952151;0.718566831;0.502177311;0.149220468;3;1;3.500006681;0
330;0.869539095;0.698472406;0.880180717;0.209659607;0.591902025;2;2;3.29930824;0
331;0.540192957;0.473704457;0.121160196;0.71558619;0.848735489;3;2;0.139378462;2
332;0.881597668;0.230807848;0.367052237;0.536380053;0.733994457;1;3;0.300523001;1
333;0.037539839;0.454134697;0.789931864;0.049139429;0.462495859;2;1;0.307533365;2
334;0.881433962;0.079191919;0.215600232;0.82271488;0.511086888;2;2;1.274162226;1
335;0.72234967;0.257680574;0.620726761;0.252496465;0.556383955;1;1;0.624609657;2
336;0.769810297;0.554080501;0.377722357;0.521448934;0.200795649;2;5;0.094046835;0
337;0.863593709;0.021759793;0.6040353;0.3269921;0.889190942;1;4;0.38352803;1
338;0.500742103;0.211102064;0.564518268;0.110368841;0.154383994;2;2;0.174922734;1
339;0.925864024;0.636393392;0.6944433;0.851732171;0.584599561;3;4;1.184614804;1
340;0.20807467;0.716973771;0.814143687;0.624640037;0.480936975;2;5;1.346368813;1
341;0.027105594;0.776862405;0.453684235;0.848066024;0.197283215;3;3;3.641037261;1
342;0.315793072;0.073208565;0.369964695;0.126011811;0.978424471;2;1;0.133468166;0
343;0.66011225;0.098748371;0.822659038;0.668251613;0.319031464;2;4;1.256573729;2
344;0.314691301;0.94639556;0.512624271;0.60793303;0.044788696;2;3;1.164730972;1
345;0.944461388;0.930883408;0.741581825;0.945666357;0.753686091;3;2;0.104899627;2
346;0.77897058;0.921451542;0.849338478;0.580624429;0.566858949;2;4;0.333410316;1
347;0.339431246;0.649938648;0.440299715;0.303132853;0.009746992;3;1;0.042131028;0
348;0.481646265;0.156350366;0.405908307;0.934779137;0.300754071;1;4;0.061248773;2
349;0.415994799;0.910143669;0.850917611;0.844359362;0.863295208;1;3;0.016741259;1
350;0.776333899;0.922061888;0.727024612;0.424573355;0.232148368;2;1;1.04312717;2
351;0.485427006;0.169240614;0.615070252;0.485665085;0.058539804;3;2;0.022161044;1
352;0.015299104;0.073367316;0.700001063;0.768520152;0.711049912;3;5;0.372980702;2
353;0.642451295;0.566228931;0.748172964;0.252276818;0.50874853;3;3;1.506890753;2
354;0.234829985;0.365405297;0.261847643;0.812039962;0.404947039;2;2;0.602859167;1
355;0.747025883;0.460166619;0.276196652;0.822095408;0.424513918;2;4;1.556550825;1
356;0.295607375;0.464736912;0.199463772;0.417337042;0.913965784;2;3;0.645434783;1
357;0.906218192;0.778907108;0.942995997;0.916375945;0.902006492;1;4;1.017138495;2
358;0.853324018;0.823666376;0.271145681;0.070875673;0.218065282;2;3;1.189824732;0
359;0.461963777;0.282355052;0.498408649;0.810096085;0.574894547;2;1;0.259490848;0
360;0.071348248;0.729978314;0.036687882;0.485904471;0.040653136;1;4;2.62558143;0
361;0.577803724;0.495971686;0.801737233;0.305234725;0.540597511;2;2;3.873333683;2
362;0.579579334;0.066268301;0.405224566;0.617873833;0.112828462;1;4;0.404755564;0
363;0.993576777;0.037647831;0.460125905;0.319253371;0.757453868;2;1;0.509730907;1
364;0.335274414;0.237585074;0.931152151;0.652336814;0.111144179;3;4;0.030600416;2
365;0.666801774;0.21839611;0.389880726;0.915848306;0.204114401;3;4;0.550815183;0
366;0.938556002;0.422386275;0.745816369;0.569079031;0.767703813;2;3;1.200412848;1
367;0.574856835;0.549751633;0.783608497;0.637890706;0.422344665;3;1;3.12004628;1
368;0.691711414;0.713737605;0.207456253;0.416069981;0.546953981;1;2;1.150791507;2
369;0.089758587;0.239994109;0.05652673;0.796610151;0.880518837;2;2;0.78815226;1
370;0.866459245;0.895682013;0.331513834;0.862276194;0.727629452;3;5;0.211047922;1
371;0.501139397;0.482623788;0.683805186;0.367417122;0.752846189;2;4;0.518270679;2
372;0.223256284;0.262847002;0.767774268;0.48793857;0.60073895;1;3;0.689669249;1
373;0.412419242;0.31991876;0.653049391;0.896351872;0.101066739;1;1;0.765288994;0
374;0.88630628;0.664301974;0.933803994;0.46382285;0.826222706;2;1;1.907567063;2
375;0.495593437;0.728051361;0.003515952;0.209327999;0.738248956;2;5;0.637910767;0
376;0.672753728;0.571435951;0.378389093;0.676256296;0.882975654;2;1;1.364255588;2
377;0.282504438;0.878695076;0.643704051;0.734129814;0.084165008;3;4;0.187676986;2
378;0.817058303;0.409203279;0.099072611;0.652694162;0.829472503;2;2;0.597647116;1
379;0.246099455;0.20539579;0.015063462;0.206914218;0.274816289;1;3;0.062606498;2
380;0.369646194;0.470820417;0.14856507;0.96077154;0.33421586;2;4;0.251487274;2
381;0.235524395;0.379407775;0.745310313;0.006897165;0.887037044;1;4;0.491272435;1
382;0.935756926;0.247564962;0.852746751;0.902166552;0.191326074;1;1;2.445496859;2
383;0.415076828;0.925032526;0.324945457;0.08964286;0.012191338;3;2;0.895217625;0
384;0.137449405;0.466174707;0.266669509;0.837094777;0.705344221;1;4;0.229124315;1
385;0.914364723;0.013941683;0.243547442;0.554206042;0.037618719;1;2;0.505864116;1
386;0.347641376;0.943224738;0.956250292;0.60341693;0.822525525;1;5;0.329765122;0
387;0.852930876;0.374545655;0.497268739;0.811360993;0.903434539;2;3;0.473240692;0
388;0.142635179;0.008041536;0.694451575;0.262974625;0.166457612;3;3;0.039081181;2
389;0.359432871;0.980524503;0.915131914;0.039946946;0.207595467;1;2;0.005816608;2
390;0.245505068;0.377540056;0.608921787;0.138287363;0.795880174;2;4;1.095326273;2
391;0.045905947;0.985867555;0.262608858;0.105389833;0.893196298;2;2;0.691112246;1
392;0.784547902;0.139616391;0.918930738;0.175405821;0.243682951;2;2;0.612870328;2
393;0.199171735;0.562218103;0.711613079;0.961179955;0.433193228;2;1;2.242517487;2
394;0.391850244;0.794360194;0.043828594;0.194028642;0.398153306;1;5;2.278749561;1
395;0.323562245;0.193901369;0.633507627;0.332180768;0.665592775;1;3;0.108940435;2
396;0.602105905;0.710698503;0.852732388;0.692300648;0.305196897;1;5;1.77443633;0
397;0.54127168;0.56570802;0.119095859;0.693466416;0.791970915;3;4;3.750472491;2
398;0.990823733;0.010115733;0.952037903;0.286106588;0.341226793;3;3;0.042627693;2
399;0.253791049;0.256950868;0.04083986;0.299119253;0.257454872;3;1;2.459887834;2
400;0.735269893;0.470981483;0.170599982;0.429953914;0.003961523;1;2;0.825156565;1
401;0.977608161;0.926862747;0.02315341;0.382629161;0.380338865;2;3;1.374886785;1
402;0.558046242;0.995291979;0.389909907;0.906816516;0.599426569;1;4;0.174556248;0
403;0.39270816;0.2099823;0.709277141;0.534761298;0.339035388;1;2;0.613388859;0
404;0.824689259;0.545186908;0.655755546;0.607407371;0.175784241;2;2;2.002256032;2
405;0.112384461;0.645392872;0.486142717;0.504373053;0.997569354;1;3;1.003776316;1
406;0.535777904;0.901107981;0.080723163;0.504410703;0.265399609;3;2;0.429509621;2
407;0.443831585;0.732321747;0.967884401;0.423651709;0.550192248;2;3;0.662443958;2
408;0.273957213;0.609710702;0.560272865;0.217534702;0.135244666;3;2;0.381658428;0
409;0.157357536;0.224372134;0.716906161;0.319250218;0.681822216;3;5;0.044671532;1
410;0.871838074;0.916171013;0.283424756;0.241620128;0.450351065;3;3;1.751880404;2
411;0.562044856;0.802761025;0.802252904;0.001152385;0.366644566;1;4;0.720721017;0
412;0.550689758;0.312408613;0.629219358;0.223817161;0.38613134;3;2;0.26960102;2
413;0.592365286;0.227251196;0.908960912;0.969164622;0.404471194;1;5;0.079121828;1
414;0.727812863;0.657595204;0.396125189;0.432402865;0.827564721;1;5;1.507122761;1
415;0.638925285;0.735731156;0.308284414;0.963307129;0.916014791;1;3;0.827994288;2
416;0.614450165;0.465094255;0.731694163;0.255820116;0.761202927;3;5;0.16606119;0
417;0.052416851;0.863605329;0.695008568;0.135430539;0.367348682;3;5;1.706501499;0
418;0.565157753;0.675000583;0.435300166;0.562592027;0.691388094;1;2;2.620259313;2
419;0.58734138;0.161467889;0.80751989;0.433249341;0.50803268;1;5;0.939742307;2
420;0.628567075;0.012090307;0.305613045;0.862894126;0.019425937;1;5;0.733677075;1
421;0.621890645;0.866068027;0.914555313;0.915476945;0.64689914;2;1;3.946983402;2
422;0.082270042;0.100712788;0.62982939;0.618308931;0.623007664;1;1;0.231918702;2
423;0.077642612;0.312232245;0.777164258;0.840930631;0.332971109;2;3;0.092852517;2
424;0.68709469;0.434495053;0.717143892;0.288255118;0.026286836;1;2;1.198925153;0
425;0.830303592;0.615756064;0.663176189;0.899128535;0.974947359;2;1;1.873278482;0
426;0.145909875;0.339224057;0.703092001;0.141103243;0.991274857;1;1;1.054167588;2
427;0.783530072;0.579978103;0.192635848;0.141916863;0.076579809;1;4;0.319242674;0
428;0.486450079;0.829674803;0.598078215;0.579567579;0.537944873;1;4;0.458721863;0
429;0.989265105;0.334618146;0.767170522;0.995020768;0.977852743;1;4;0.695700893;2
430;0.499104955;0.382018996;0.236375932;0.533479852;0.109674719;3;1;0.074781487;1
431;0.562260535;0.605689935;0.691556063;0.128510575;0.362572178;1;2;0.421341963;1
432;0.378257021;0.495735892;0.092239078;0.177119405;0.499819358;2;2;0.424746486;0
433;0.518637197;0.109267884;0.73704124;0.774550273;0.912628402;2;2;3.928435644;1
434;0.074283792;0.8459283;0.944681071;0.650511102;0.572060835;2;5;1.360805379;2
435;0.538472344;0.445856535;0.664087652;0.556174039;0.022794575;2;5;0.448706759;0
436;0.961061001;0.750375905;0.667415575;0.745507153;0.855229626;1;3;1.764095129;0
437;0.52781014;0.79553862;0.420021674;0.343212876;0.830484242;3;2;0.956398337;0
438;0.437159452;0.390698857;0.137966922;0.391240229;0.878151063;1;4;0.608512559;0
439;0.032266997;0.014847889;0.469365114;0.352189562;0.809602189;1;4;0.000825974;0
440;0.037734181;0.743414827;0.093754243;0.622792105;6.53E-05;1;4;1.573113495;0
441;0.047348294;0.068385179;0.754073351;0.16074593;0.101825733;3;3;3.352246232;1
442;0.160959036;0.532020631;0.366327906;0.246435532;0.834825877;2;1;0.194706965;1
443;0.469097393;0.122630414;0.568136382;0.947668921;0.221147396;1;5;0.978460954;1
444;0.805923975;0.675769999;0.383021314;0.988341625;0.030416377;2;4;0.055858001;2
445;0.280597516;0.056020068;0.2032387;0.535662979;0.576726022;3;3;0.590844041;1
446;0.754783985;0.798009386;0.535265386;0.045307687;0.75687976;2;2;2.182363091;1
447;0.521825815;0.662604965;0.385847249;0.602266455;0.873654059;1;1;0.390041395;1
448;0.288947193;0.244241397;0.862285359;0.721679317;0.060365914;3;3;0.172875471;0
449;0.017377201;0.160372437;0.093563545;0.583022876;0.221838359;2;5;1.661778202;1
450;0.66834953;0.0579999;0.063448538;0.526473444;0.414025172;3;4;2.225522438;2
451;0.066975965;0.015211194;0.166764037;0.353766746;0.41132963;2;1;0.114875166;0
452;0.836386427;0.833354772;0.935655231;0.080061785;0.57939033;3;5;0.718588704;2
453;0.135343156;0.261877218;0.442508975;0.128392816;0.941948951;3;1;2.01624487;2
454;0.655878108;0.055414826;0.674396283;0.36587539;0.987598597;1;5;0.027562278;2
455;0.837947729;0.348033433;0.036077999;0.600146496;0.129797849;3;5;1.720570073;0
456;0.257647996;0.580218409;0.468421088;0.237843369;0.274874981;1;3;0.138705377;2
457;0.135995285;0.804218276;0.04565357;0.018146054;0.828382822;3;4;1.539512882;1
458;0.763488414;0.340265726;0.620033694;0.30987293;0.991258719;3;4;1.551964462;0
459;0.211996233;0.134850331;0.864891988;0.07801266;0.673200558;2;5;1.342279633;2
460;0.267969599;0.77361292;0.195869161;0.250912423;0.077389064;3;1;0.366020565;1
461;0.531831195;0.87723785;0.282098453;0.14087494;0.134403405;1;4;0.306855641;1
462;0.474116867;0.987968035;0.865187089;0.370114748;0.338096779;3;5;0.468491249;2
463;0.373443665;0.654818585;0.032035047;0.140365454;0.25210898;2;1;0.614998219;2
464;0.775349929;0.254027303;0.782355375;0.567996666;0.250823636;1;2;1.410809718;2
465;0.55820397;0.64145556;0.455069494;0.542680407;0.783267918;3;5;0.696261316;0
466;0.155236621;0.450612381;0.080121889;0.163693083;0.17378633;3;3;1.019335147;0
467;0.989418448;0.196961197;0.90676087;0.945032743;0.598303916;1;5;1.32222434;2
468;0.24444643;0.606187485;0.189006655;0.625892564;0.691583044;1;5;0.270735154;2
469;0.130378512;0.97462975;0.746095868;0.064845172;0.922935599;3;4;0.61722409;0
470;0.212681135;0.199174381;0.43156408;0.180918276;0.689974984;1;5;0.728351986;2
471;0.380004248;0.434758974;0.670532197;0.667738135;0.273658977;1;2;0.63893428;1
472;0.359621169;0.339538735;0.187451213;0.906726877;0.010945159;2;3;4.478679654;2
473;0.302662049;0.034008242;0.881743173;0.815818716;0.043219598;3;1;2.013631174;2
474;0.044399714;0.099198563;0.048867448;0.44247444;0.1678978;1;5;3.666901802;0
475;0.934783353;0.419232833;0.220204887;0.161201414;0.852640826;1;1;0.825677969;0
476;0.56871703;0.04733834;0.261800466;0.165773017;0.045913346;3;1;0.376054258;0
477;0.220802745;0.026529277;0.767209904;0.47894587;0.271387636;2;3;1.725539864;0
478;0.877961175;0.173512046;0.385962504;0.395862681;0.888942951;2;5;1.323669812;1
479;0.467288806;0.378086534;0.278573109;0.79491966;0.547893295;2;1;2.738826612;1
480;0.542349815;0.588322784;0.077615512;0.769837094;0.804817589;2;3;0.81540788;2
481;0.784398174;0.33642967;0.500304863;0.399164953;0.957196619;1;4;1.139012063;2
482;0.647870272;0.494548287;0.451451449;0.630196795;0.68974408;2;2;0.730126545;1
483;0.144893147;0.752326675;0.986601613;0.412669115;0.401133575;3;3;0.777206563;0
484;0.321637377;0.169062112;0.14213434;0.365390751;0.971040844;2;5;3.276386499;0
485;0.951055583;0.843631637;0.833835752;0.620854883;0.939375858;3;4;0.744332397;2
486;0.188198491;0.320302856;0.02952949;0.955958032;0.518282246;1;4;0.331200993;1
487;0.750404248;0.233887216;0.778758704;0.47607254;0.136290177;2;2;0.335280463;0
488;0.459158475;0.309993566;0.22867394;0.620463771;0.626735995;1;5;3.353887819;0
489;0.141365049;0.789909963;0.133860118;0.289224087;0.822649984;3;1;0.390210489;1
490;0.205193076;0.254507749;0.190610924;0.407567722;0.136265355;3;5;1.146193447;2
491;0.6752935;0.922823526;0.21586464;0.444877186;0.597468189;3;3;0.096488612;0
492;0.138030211;0.148353497;0.934171392;0.28353369;0.982964068;3;5;0.873184266;1
493;0.415543701;0.216477806;0.988817655;0.970138955;0.230630648;2;1;1.394956645;0
494;0.451247032;0.626091812;0.310024929;0.882598839;0.417370388;3;1;0.179803248;1
495;0.62294657;0.257070173;0.137130879;0.808850641;0.100270999;1;3;0.123351218;2
496;0.251174297;0.707173748;0.660985807;0.708226454;0.278511404;1;3;0.37744224;1
497;0.464153464;0.742405218;0.584913377;0.180201603;0.530546491;3;2;0.938230417;0
498;0.165509229;0.262356394;0.344065333;0.06397571;0.314119458;3;2;0.211173683;2
499;0.857806453;0.572619808;0.813956538;0.106581011;0.600702073;1;2;0.052580156;2
500;0.156551897;0.915648628;0.28318396;0.848184318;0.987098018;1;4;3.007950669;0
